Datetime,Water Level (m)
2025-05-06 18:00:00,0.5381987
2025-05-06 19:00:00,0.26089293
2025-05-06 20:00:00,-0.028918007
2025-05-06 21:00:00,-0.2560201
2025-05-06 22:00:00,-0.4162212
2025-05-06 23:00:00,-0.5691093
2025-05-07 00:00:00,-0.6818637
2025-05-07 01:00:00,-0.5306102
2025-05-07 02:00:00,-0.057081886
2025-05-07 03:00:00,0.30897278
2025-05-07 04:00:00,0.6589955
2025-05-07 05:00:00,0.84483594
2025-05-07 06:00:00,0.78367954
2025-05-07 07:00:00,0.557086
2025-05-07 08:00:00,0.23600566
2025-05-07 09:00:00,-0.055766676
2025-05-07 10:00:00,-0.26515082
2025-05-07 11:00:00,-0.3971806
2025-05-07 12:00:00,-0.50622195
2025-05-07 13:00:00,-0.4638604
2025-05-07 14:00:00,-0.06570137
2025-05-07 15:00:00,0.3501052
2025-05-07 16:00:00,0.7061803
2025-05-07 17:00:00,0.93901426
2025-05-07 18:00:00,0.9084144
2025-05-07 19:00:00,0.69988513
2025-05-07 20:00:00,0.35353944
2025-05-07 21:00:00,0.019799205
2025-05-07 22:00:00,-0.2226823
2025-05-07 23:00:00,-0.39121416
2025-05-08 00:00:00,-0.55165905
2025-05-08 01:00:00,-0.6660617
2025-05-08 02:00:00,-0.37847778
2025-05-08 03:00:00,0.13195793
2025-05-08 04:00:00,0.4885415
2025-05-08 05:00:00,0.88251406
2025-05-08 06:00:00,1.0031216
2025-05-08 07:00:00,0.89069045
2025-05-08 08:00:00,0.5958436
2025-05-08 09:00:00,0.24190201
2025-05-08 10:00:00,-0.05733282
2025-05-08 11:00:00,-0.26573044
2025-05-08 12:00:00,-0.4130883
2025-05-08 13:00:00,-0.5404362
2025-05-08 14:00:00,-0.47796005
2025-05-08 15:00:00,0.044241183
2025-05-08 16:00:00,0.48602426
2025-05-08 17:00:00,0.8735308
2025-05-08 18:00:00,1.0525793
2025-05-08 19:00:00,0.92406803
2025-05-08 20:00:00,0.6106574
2025-05-08 21:00:00,0.24385886
2025-05-08 22:00:00,-0.062497277
2025-05-08 23:00:00,-0.28673437
2025-05-09 00:00:00,-0.44497347
2025-05-09 01:00:00,-0.60287976
2025-05-09 02:00:00,-0.67558676
2025-05-09 03:00:00,-0.1416159
2025-05-09 04:00:00,0.3702103
2025-05-09 05:00:00,0.7506562
2025-05-09 06:00:00,1.1285483
2025-05-09 07:00:00,1.1364958
2025-05-09 08:00:00,0.9303895
2025-05-09 09:00:00,0.559704
2025-05-09 10:00:00,0.19126977
2025-05-09 11:00:00,-0.091191374
2025-05-09 12:00:00,-0.287483
2025-05-09 13:00:00,-0.43728444
2025-05-09 14:00:00,-0.5762303
2025-05-09 15:00:00,-0.3399398
2025-05-09 16:00:00,0.2695487
2025-05-09 17:00:00,0.6927782
2025-05-09 18:00:00,1.1017864
2025-05-09 19:00:00,1.1313789
2025-05-09 20:00:00,0.89361626
2025-05-09 21:00:00,0.5157184
2025-05-09 22:00:00,0.16166635
2025-05-09 23:00:00,-0.11979522
2025-05-10 00:00:00,-0.31289464
2025-05-10 01:00:00,-0.47566485
2025-05-10 02:00:00,-0.6294496
2025-05-10 03:00:00,-0.4998131
2025-05-10 04:00:00,0.17706043
2025-05-10 05:00:00,0.63807493
2025-05-10 06:00:00,1.123181
2025-05-10 07:00:00,1.3126677
2025-05-10 08:00:00,1.1944963
2025-05-10 09:00:00,0.8484699
2025-05-10 10:00:00,0.4293332
2025-05-10 11:00:00,0.090035565
2025-05-10 12:00:00,-0.14237063
2025-05-10 13:00:00,-0.30868354
2025-05-10 14:00:00,-0.46304485
2025-05-10 15:00:00,-0.5502018
2025-05-10 16:00:00,0.031208228
2025-05-10 17:00:00,0.5732299
2025-05-10 18:00:00,1.0049021
2025-05-10 19:00:00,1.26945
2025-05-10 20:00:00,1.1409712
2025-05-10 21:00:00,0.79875284
2025-05-10 22:00:00,0.38247713
2025-05-10 23:00:00,0.051659744
2025-05-11 00:00:00,-0.19373985
2025-05-11 01:00:00,-0.3577825
2025-05-11 02:00:00,-0.5343504
2025-05-11 03:00:00,-0.6462104
2025-05-11 04:00:00,-0.041139647
2025-05-11 05:00:00,0.55653393
2025-05-11 06:00:00,1.0420706
2025-05-11 07:00:00,1.4649937
2025-05-11 08:00:00,1.4660038
2025-05-11 09:00:00,1.1987894
2025-05-11 10:00:00,0.74729383
2025-05-11 11:00:00,0.3313885
2025-05-11 12:00:00,0.04259715
2025-05-11 13:00:00,-0.17037377
2025-05-11 14:00:00,-0.32742882
2025-05-11 15:00:00,-0.5011242
2025-05-11 16:00:00,-0.3553453
2025-05-11 17:00:00,0.3287197
2025-05-11 18:00:00,0.80912155
2025-05-11 19:00:00,1.2491444
2025-05-11 20:00:00,1.2883365
2025-05-11 21:00:00,1.0172365
2025-05-11 22:00:00,0.5861842
2025-05-11 23:00:00,0.22143652
2025-05-12 00:00:00,-0.05866171
2025-05-12 01:00:00,-0.2627346
2025-05-12 02:00:00,-0.42918596
2025-05-12 03:00:00,-0.5914738
2025-05-12 04:00:00,-0.3984694
2025-05-12 05:00:00,0.35668305
2025-05-12 06:00:00,0.87530535
2025-05-12 07:00:00,1.4423956
2025-05-12 08:00:00,1.6111251
2025-05-12 09:00:00,1.456376
2025-05-12 10:00:00,1.0297533
2025-05-12 11:00:00,0.56789285
2025-05-12 12:00:00,0.22292085
2025-05-12 13:00:00,-0.011415388
2025-05-12 14:00:00,-0.2015947
2025-05-12 15:00:00,-0.38377964
2025-05-12 16:00:00,-0.52865756
2025-05-12 17:00:00,0.025403958
2025-05-12 18:00:00,0.594076
